<?xml version="1.0"?>
<fvr>
    <!-- ============ Robot Setting ============================================
    robot_type                         : Flexiv, UR5, Bullet, Klampt, RBDL
    simulate_joint_friction            : Enable: 1 Disable: 0
    max_payload_limit                  : maximum payload limit [kg]
    manual_speed_scale                 : velocity scale in manual mode (0~1)
    manual_tcp_speed_limit_tol         : TCP speed limit tolerence in manual mode  [m/s]
                                         (system limit - tol = software limit)
                                         The tolerance should be smaller than system limit
    manual_tcp_angular_speed_limit_tol : TCP angular velocity in manual mode [deg/s]
                                         (system limit - tol = software limit)
                                         The tolerance should be smaller than system limit
    manual_joint_speed_limit_tol       : Joint angle speed limit tolerance in manual mode [deg/s]
                                         (system limit - tol = software limit)
                                         The tolerance should be smaller than system limit
    auto_tcp_speed_limit_tol           : TCP speed limit tolerence in auto mode [m/s]
                                         (system limit - tol = software limit)
                                         The tolerance should be smaller than system limit
    auto_tcp_angular_speed_limit_tol   : TCP angular velocity tolerence in auto mode [deg/s]
                                         (system limit - tol = software limit)
                                         The tolerance should be smaller than system limit
    auto_joint_speed_limit_tol         : Joint angle speed limit tolerance in auto mode [deg/s]
                                         (system limit - tol = software limit)
                                         The tolerance should be smaller than system limit
    show_graphics                      : Enable: 1, Disable: 0
    log_console                        : Enable: 1, Disable: 0
    =========================================================================-->
    <robot>
        <robot_name> flexivBot </robot_name>
        <robot_config_file>flexivBot_PVT4.xml</robot_config_file>
        <robot_controller_file>controllers/ctrlFlexiv.xml</robot_controller_file>
        <robot_joint_controller_file>controllers/jntCtrl.xml</robot_joint_controller_file>
        <robot_type>Flexiv</robot_type>
        <gravity> 0.0  0.0 -9.81 </gravity>
        <base_angles>0.0 0.0</base_angles>
        <simulate_joint_friction> 0 </simulate_joint_friction>
        <friction_compensation_ff_gain> 0.0 </friction_compensation_ff_gain>
        <disturbance_compensation_gain> 0.0 </disturbance_compensation_gain>
        <dynamics>rbdl</dynamics>
        <max_payload_limit> 10.0 </max_payload_limit>
        <manual_speed_scale> 0.8 </manual_speed_scale>
        <manual_tcp_speed_limit_tol> 0.05 </manual_tcp_speed_limit_tol>
        <manual_tcp_angular_speed_limit_tol> 5.0 </manual_tcp_angular_speed_limit_tol>
        <manual_joint_speed_limit_tol> 10.0 </manual_joint_speed_limit_tol>
        <auto_tcp_speed_limit_tol>0.1</auto_tcp_speed_limit_tol>
        <auto_tcp_angular_speed_limit_tol> 20.0 </auto_tcp_angular_speed_limit_tol>
        <auto_joint_speed_limit_tol> 10.0 </auto_joint_speed_limit_tol>
        <robot_coordinate_file>coordinateframes.xml</robot_coordinate_file>
        <work_coordinate_file>workCoordinates.xml</work_coordinate_file>
        <show_graphics> 1 </show_graphics>
        <log_console> 1 </log_console>
    </robot>
    <!-- ============ Safety Parameters ========================================
    params_applied_qnx      : currently applied params, would record modifications.
                              (for QNX) should be the name of robot config file.
    params_applied_linux    : currently applied params, would record modifications.
                              (for linux) should be the name of applied safety params in specs/safety/
    params_boundary         : params as boundary, could not be modified
                              should be the name of boundary safety params in specs/safety/
    ======================================================================== -->
    <safety_params>
        <params_applied_qnx>A02F-05-P4-00042.xml</params_applied_qnx>
        <params_applied_linux>safetyParamsApplied_PVT4.xml</params_applied_linux>
        <params_boundary>safetyParamsBoundary_PVT4.xml</params_boundary>
    </safety_params>
    <!-- ============ Disturbance Observer ==============================
    observer_type: 'FiniteTime', 'SlidingMode' for now
    observer_config_file: observer settings file in the observers folder
    ======================================================================== -->
    <disturbance_observer>
        <observer_type>FiniteTime</observer_type>
        <observer_config_file>FiniteTimeObserver.xml</observer_config_file>
    </disturbance_observer>
    <!-- ============ Robot Flange Transformation ==============================
    position_in_link : the position in parent link coordinate [m]
    orientation_in_link : quaternion [w x y z]
    ======================================================================== -->
    <robot_flange>
        <parent_link_name>link7</parent_link_name>
        <position_in_link>0.0 0.0 0.074</position_in_link>
        <orientation_in_link>0.0 0.0 0.0 1.0 </orientation_in_link>
    </robot_flange>
    <!-- ============ EtherCAT Setting =========================================
    comm_type             : Shm, Middleware
    serial_num            : serial number of arm. It will not be used in Shm mode
    ecat_ctrl_app         : the file path of the ethercat control app
    ethercat_config       : configuration file of ethercat master program
    firmware_version      : firmware verion on each joint
    ecat_ctrl_app_version : the version of arm control app
    ======================================================================== -->
    <ethercat>
        <comm_type> Middleware </comm_type>
        <serial_num>A02F-05-P4-00042</serial_num>
        <ecat_ctrl_app>../../../../flexiv_robots/app/ArmDriverApp</ecat_ctrl_app>
        <ethercat_config>../../../../flexiv_robots/specs/A02F-02-P1-00005/robot_config.xml</ethercat_config>
        <firmware_version>v2.o.6</firmware_version>
        <ecat_ctrl_app_version>3.4.0.a</ecat_ctrl_app_version>
    </ethercat>
    <!-- ============ Force Sensor ============================================
    enable              : Enable: 1, Disable: 0
    comm_type           : communication type [ETHERNET or ETHERCAT]
    comm_ip             : IP address for ethernet. It will not be used in etherCAT mode
    link_name           : the link that the force sensor is attached
    position_in_link    : the position in link coordinate [m]
    orientation_in_link : quaternion [w x y z]
    radius              : radius of the force sensor [m]
    height              : height of the force sensor [m]
    center_of_mass      : [m]
    mass                : kg
    inertia             : [ Ixx Iyy Izz Ixy Ixz Iyz ]
    ======================================================================== -->
    <force_sensor_6DOFs>
        <enable> 0 </enable>
        <comm_type>ETHERNET</comm_type>
        <comm_ip>192.168.2.1</comm_ip>
        <link_name>link7</link_name>
        <position_in_link>0.0 0.0 0.074</position_in_link>
        <orientation_in_link>0.7071068 0 0 0.7071068 </orientation_in_link>
        <radius>0.035</radius>
        <height>0.035</height>
        <center_of_mass>0.0 0.0 0.0127</center_of_mass>
        <mass>0.500</mass>
        <inertia>1.1e-04 1.1e-04 1.6e-04 0.0 0.0 0.0</inertia>
    </force_sensor_6DOFs>
    <!-- ============ Motion Bar ============================================
    type : FlexivMotionBar, LogitechF710, None
    path : path of connected device.
            FlexivMotionBar on QNX      : /dev/serusb1
            FlexivMotionBar on Ubuntu   : /dev/ttyS0
            LogitechF710 on Ubuntu      : /dev/input/js0
    =========================================================================-->
    <motion_bar>
        <type>FlexivMotionBar</type>
        <path>/dev/serusb1</path>
    </motion_bar>
    <!-- ============ External Interface ====================================
    enable                : Enable: 1, Disable: 0
    interface_config_file : externalIOConfig.xml, externalEthernetConfig.xml
    =========================================================================-->
    <external_interface>
        <enable> 1 </enable>
        <interface_config_file>externalEthernetConfig.xml</interface_config_file>
    </external_interface>
    <!-- ============ I/O ====================================================
    enable              : Enable: 1, Disable: 0
    io_config_file      : the I/O configuration file
    ======================================================================== -->
    <gpio>
        <enable> 1 </enable>
        <gpio_config_file>ioSystem.xml</gpio_config_file>
    </gpio>
    <gpio>
        <enable> 0 </enable>
        <gpio_config_file>ioModbusBK9100.xml</gpio_config_file>
    </gpio>
    <!-- ============ Tool ====================================================
    enable              : Enable: 1, Disable: 0
    link_name           : the link that the tool is attached.
                          Ex: regular link : link 1~7,
                              special link : base, flange, tcp, camera, world
    position_in_link    : the position in link coordinate [m]
    orientation_in_link : quaternion [w x y z]
    tool_config_file    : the tool configuration file
    ======================================================================== -->
    <tool>
        <enable> 1 </enable>
        <tool_config_file>toolMRC.xml</tool_config_file>
        <link_name>flange</link_name>
        <position_in_link>0.0 0.0 0.0</position_in_link>
        <orientation_in_link>1.0 0.0 0.0 0.0 </orientation_in_link>
    </tool>
    <!-- ============ Calibration ========================================== -->
    <calibration_joint_torque_sensors> calibration/cali_jointTorqueSensorOffset.cali</calibration_joint_torque_sensors>
    <calibration_kinematics> calibration/cali_kinematics.cali</calibration_kinematics>
    <calibration_joint_position_link_encoder>calibration/cali_jointPositionLinkEncoder.cali</calibration_joint_position_link_encoder>
    <!-- <calibration_dynamics> calibration/cali_dynamics.cali</calibration_dynamics>
    <calibration_joint_torque_analysis> calibration/cali_jointTorqueAnalysis.cali</calibration_joint_torque_analysis> -->
    <!-- ============ Semantic planner ===================================== -->
    <semanticplanner_rules>rules/RULES</semanticplanner_rules>
    <!--<scene_file>world.scene</scene_file>-->
    <!-- <scene_file>visualServo.scene</scene_file> -->
    <!-- ============ Camera Info =============================================
    enable              : Enabled 1, Disable 0
    camera_type         : camera type
    parent_link_name    : the link that camera is attached
    calibration         : camera pose in link coordinate
    camera_size         : [length(x-axis); width(y-axis); height(z-axis)] in meters
    show_frame          : (optional, bool) show:1 or hide:0 the camera's frame in simulation
                           will be set to 0 by if not provided
    =========================================================================-->
    <robot_camera>
        <enable> 1 </enable>
        <camera_type>CAM_DATA_RGBD</camera_type>
        <camera_id>CAMID_0</camera_id>
        <parent_link_name>link7</parent_link_name>
        <calibration>calibration/cali_CAMID_0.cali</calibration>
        <camera_size> 0.088  0.015 0.015 </camera_size>
        <show_frame> 0 </show_frame>
    </robot_camera>
    <robot_camera>
        <enable> 1 </enable>
        <camera_type>CAM_DATA_RGBD</camera_type>
        <camera_id>CAMID_1</camera_id>
        <parent_link_name>world</parent_link_name>
        <camera_size> 0.088  0.015 0.015 </camera_size>
        <calibration>calibration/cali_CAMID_1.cali</calibration>
        <show_frame> 0 </show_frame>
    </robot_camera>
    <!-- ======== Simulator Setting ===========================================
    trajectory_size     : (optional, int) change trajectory size (value must be > 0) in simulation
                           will be set to 100 if not provided
    env_cam_frame       : (optional, bool) show:1 or hide:0 the environment camera's frame in simulation
                           will be set to 0 by if not provided
    ======================================================================== -->
    <simulator>
        <camera>
            <pos>1.8   0.0   0.35</pos>
            <target>0.0   0.0   0.35</target>
            <up>0   0   1</up>
            <clip>0 10</clip>
        </camera>
        <light>
            <pos>50.0   0.0   0.0</pos>
            <target>0.0   0.0   0.1</target>
        </light>
        <light>
            <pos>10.0   5.0   1.0</pos>
            <target>0.0   0.0   0.5</target>
        </light>
        <light>
            <pos>-10.0  -10.0 1.0</pos>
            <target>0.0   0.0   0.0</target>
        </light>
        <trajectory_size> 100 </trajectory_size>
        <env_cam_frame> 0 </env_cam_frame>
    </simulator>
</fvr>
